{
    "ActionSound": "",
    "Cards": [
        "{\n    \"UnitsInDeck\": 4,\n    \"Card\": \"shadowmend\"\n}",
        "{\n    \"UnitsInDeck\": 3,\n    \"Card\": \"blackkarma\"\n}",
        "{\n    \"UnitsInDeck\": 2,\n    \"Card\": \"scry\"\n}",
        "{\n    \"UnitsInDeck\": 2,\n    \"Card\": \"expectedprophecy\"\n}",
        "{\n    \"UnitsInDeck\": 2,\n    \"Card\": \"yinyangbolt\"\n}",
        "{\n    \"UnitsInDeck\": 1,\n    \"Card\": \"holynova\"\n}",
        "{\n    \"UnitsInDeck\": 1,\n    \"Card\": \"maledictionstart\"\n}"
    ],
    "ChallengePack0": "heretic",
    "ChallengePack1": "shaman",
    "ChallengePack2": "devotee",
    "ChallengePack3": "friar",
    "ChallengePack4": "healer",
    "ChallengePack5": "seer",
    "ChallengePack6": "zealot",
    "CharacterDescription": "Malukah is the owner of Aquarfall's voodoo shop, where she sells all kinds of rare and custom-made potions, she is also an expert healer and with her voodoo magic she can curse her enemies.\n\nAfter receiving a very special ingredient from some adventurers, she decided to close the shop and explore the world in search of more rare ingredients for her potions.",
    "CharacterDescriptionStrength": "Healer who is good cursing enemies and dispelling magic.",
    "CharacterName": "Malukah",
    "Energy": 1,
    "EnergyTurn": 3,
    "ExpansionCharacter": false,
    "Female": true,
    "FluffOffsetX": 0.0,
    "FluffOffsetY": 3.4000000953674318,
    "HeroClass": "Healer",
    "HeroClassSecondary": "None",
    "HitSound": "vx_pc_malukah_hurt_01",
    "HP": 60,
    "ID": "voodoowitch",
    "Item": "raggeddoll",
    "MaxHP": [
        0,
        5,
        5,
        5,
        5
    ],
    "OrderInList": 2,
    "ResistSlashing": 0,
    "ResistBlunt": 0,
    "ResistPiercing": 0,
    "ResistFire": 10,
    "ResistCold": 10,
    "ResistLightning": 5,
    "ResistHoly": 5,
    "ResistShadow": 20,
    "ResistMind": 15,
    "Speed": 11,
    "SpriteBorderLocked": "malukahBorderSmallBN",
    "StickerBase": "sticker_malukah_base",
    "StickerAngry": "sticker_malukah_angry",
    "StickerIndifferent": "sticker_malukah_indiferent",
    "StickerLove": "sticker_malukah_love",
    "StickerSurprise": "sticker_malukah_surprise",
    "StickerOffsetX": 0.019999999552965165,
    "SubclassName": "VoodooWitch",
    "Trait0": "voodoo",
    "Trait1A": "yinritual",
    "Trait1B": "yangritual",
    "Trait2A": "voodoowitchtrait2a",
    "Trait2B": "voodoowitchtrait2b",
    "Trait3A": "malukahforbiddenteachings",
    "Trait3B": "malukahfalseteachings",
    "Trait4A": "voodoowitchtrait4a",
    "Trait4B": "voodoowitchtrait4b",
    "AutoUnlock": false,
    "SourceCharacterName": "Malukah"
}